Utime, Timestamp, Latitude, Longitude, TimeAndLocation
1518566458,00:00:58 UTC,6.0608,133.4459,"00:00:58 Palau"
1518566484,00:01:24 UTC,7.3794,134.3991,"00:01:24 PPR Nature Trail, Koror, 96940, Palau"
1518566546,00:02:26 UTC,10.5128,136.7001,"00:02:26 Yap, Federated States of Micronesia"
1518566728,00:05:28 UTC,19.5410,143.8044,"00:05:28 United States of America"
1518567928,00:25:28 UTC,49.7609,-126.9892,"00:25:28 Strathcona Regional District, British Columbia, Canada"
1518567986,00:26:26 UTC,48.5869,-121.7458,"00:26:26 Tyee Drive, Grassmere, Skagit County, Washington, United States of America"
1518568042,00:27:22 UTC,47.2308,-116.9854,"00:27:22 State Highway 60, Willard, Benewah County, Idaho, United States of America"
1518568106,00:28:26 UTC,45.4281,-111.8672,"00:28:26 FS 1249, Madison County, Montana, United States of America"
1518568163,00:29:23 UTC,43.6071,-107.5748,"00:29:23 Hot Springs County, Wyoming, United States of America"
1518568255,00:30:55 UTC,40.3033,-101.1957,"00:30:55 Hitchcock County, Nebraska, United States of America"
1518568283,00:31:23 UTC,39.2489,-99.4313,"00:31:23 1034, W Road, Rooks County, Kansas, 67663, United States of America"
1518568346,00:32:26 UTC,36.7260,-95.5984,"00:32:26 E0200 Road, Coodys Bluff, Nowata County, Oklahoma, 74048, United States of America"
1518568402,00:33:22 UTC,34.3938,-92.4443,"00:33:22 Forestry Road 9632, Belfast, Grant County, Arkansas, 72015:72150, United States of America"
1518568466,00:34:26 UTC,31.5737,-89.0130,"00:34:26 Road 201-C1, Jones County, Mississippi, United States of America"
1518568528,00:35:28 UTC,28.7911,-85.9483,"00:35:28 Florida, United States of America"
1518568586,00:36:26 UTC,26.0961,-83.2191,"00:36:26 Florida, United States of America"
1518568642,00:37:22 UTC,23.4391,-80.7133,"00:37:22 Matanzas, Cuba"
1518568707,00:38:27 UTC,20.3470,-77.9826,"00:38:27 Santa Cruz del Sur, Camagüey, Cuba"
1518568762,00:39:22 UTC,17.6254,-75.7116,"00:39:22 Kingston, Surrey County, KINGSTON 14, Jamaica"
1518568882,00:41:22 UTC,11.6452,-71.0413,"00:41:22 Distrito Buchivacoa, Falcón, Venezuela"
1518568946,00:42:26 UTC,8.4425,-68.6674,"00:42:26 Parroquia Arismendi, Distrito Arismendi, Barinas, Venezuela"
1518569002,00:43:22 UTC,5.6290,-66.6291,"00:43:22 Parroquia Pijiguaos, Cedeño Municipality, Bolívar, Venezuela"
1518569067,00:44:27 UTC,2.3237,-64.2695,"00:44:27 Alto Orinoco Municipality, Amazonas State, Venezuela"
1518569135,00:45:35 UTC,-1.1133,-61.8324,"00:45:35 Rorainópolis, Microrregião Sudeste de Roraima, Mesorregião Sul de Roraima, Roraima, North Region, 69373000, Brazil"
1518569187,00:46:27 UTC,-3.7592,-59.9520,"00:46:27 Careiro, Microrregião de Manaus, Mesorregião Centro Amazonense, Amazonas, North Region, Brazil"
1518569242,00:47:22 UTC,-6.5771,-57.9310,"00:47:22 Jacareacanga, Microrregião de Itaituba, Mesorregião Sudoeste Paraense, Pará, North Region, Brazil"
1518569306,00:48:26 UTC,-9.7880,-55.5869,"00:48:26 Novo Mundo, Microrregião de Colíder, Mesorregião Norte Mato-Grossense, Mato Grosso, Central-West Region, Brazil"
1518569363,00:49:23 UTC,-12.6276,-53.4593,"00:49:23 Gaúcha do Norte, Microrregião de Paratininga, Mesorregião Norte Mato-Grossense, Mato Grosso, Central-West Region, Brazil"
1518569434,00:50:34 UTC,-16.1643,-50.7095,"00:50:34 Fazenda Nova, Microrregião de Iporá, Mesorregião Centro Goiano, Goiás, Central-West Region, 76220-000, Brazil"
1518569482,00:51:22 UTC,-18.5547,-48.7697,"00:51:22 Tupaciguara, Microrregião Uberlândia, Mesorregião Triângulo Mineiro/Alto Paranaiba, Minas Gerais, Southeast Region, Brazil"
1518569546,00:52:26 UTC,-21.6213,-46.1586,"00:52:26 Campestre, Microrregião Poços de Caldas, Mesorregião Sul/Sudoeste de Minas, Minas Gerais, Southeast Region, Brazil"
1518569602,00:53:22 UTC,-24.3274,-43.7127,"00:53:22 PMXL-1"
1518570802,01:13:22 UTC,-47.7261,49.6192,"01:13:22 French Southern and Antarctic Lands, France"
1518571643,01:27:23 UTC,-12.7218,96.3602,"01:27:23 Cocos (Keeling) Islands, Australia"
1518571857,01:30:57 UTC,-1.9224,104.2310,"01:30:57 Mangsang, South Sumatra, Indonesia"
1518571883,01:31:23 UTC,-0.5735,105.1877,"01:31:23 Riau Islands, Indonesia"
1518571948,01:32:28 UTC,2.6850,107.4988,"01:32:28 Sebelat, Riau Islands, Indonesia"
1518572002,01:33:22 UTC,5.4564,109.4777,"01:33:22 Riau Islands, Indonesia"
1518572067,01:34:27 UTC,8.7507,111.8656,"01:34:27 Truong Sa Township, Truong Sa District, Khanh Hoa province, Vietnam"
1518572128,01:35:28 UTC,11.8006,114.1308,"01:35:28 Song Tu Tay, Truong Sa District, Khanh Hoa province, Vietnam"
1518572189,01:36:29 UTC,14.8281,116.4529,"01:36:29 PRC"
1518572244,01:37:24 UTC,17.5555,118.6271,"01:37:24 管事暗滩"
1518572307,01:38:27 UTC,20.6428,121.2088,"01:38:27 Luzon Strait"
1518572362,01:39:22 UTC,23.2989,123.5580,"01:39:22 Yaeyama, Okinawa Prefecture, Japan"
1518572436,01:40:36 UTC,26.7791,126.8637,"01:40:36 Kumejima, Shimajiri, Okinawa Prefecture, Japan"
1518572483,01:41:23 UTC,28.9548,129.0935,"01:41:23 Toshima, Kagoshima County, Kagoshima Prefecture, Japan"
1518572546,01:42:26 UTC,31.7991,132.2466,"01:42:26 Miyazaki Prefecture, Japan"
1518572602,01:43:22 UTC,34.2465,135.2279,"01:43:22 和歌山打田線, Iwade, Wakayama Prefecture, 649-6292, Japan"
1518572666,01:44:26 UTC,36.9336,138.8680,"01:44:26 Yuzawa, Minamiuonuma County, Niigata Prefecture, 949-6103, Japan"
1518572735,01:45:35 UTC,39.6572,143.0741,"01:45:35 Iwate Prefecture, Japan"
1518573146,01:52:26 UTC,50.7785,176.3175,"01:52:26 Alaska, United States of America"
1518573202,01:53:22 UTC,51.3256,-178.2359,"01:53:22 Aleutians West Census Area, Alaska, United States of America"
1518573267,01:54:27 UTC,51.6093,-171.7331,"01:54:27 Alaska, United States of America"
1518573802,02:03:22 UTC,40.6573,-125.3470,"02:03:22 California, United States of America"
1518573867,02:04:27 UTC,38.1619,-121.2519,"02:04:27 North Hildebrand Road, Dougherty, San Joaquin County, California, 95240, United States of America"
1518573928,02:05:28 UTC,35.6419,-117.6251,"02:05:28 Bowen Avenue, San Bernardino County, California, United States of America"
1518573986,02:06:26 UTC,33.1795,-114.4548,"02:06:26 La Paz County, Arizona, United States of America"
1518574042,02:07:22 UTC,30.6970,-111.5503,"02:07:22 El Represo de los Gonzalez, Atil, Sonora, Mexico"
1518574107,02:08:27 UTC,27.7496,-108.4021,"02:08:27 Chinipas - Uruachi, Uruachi, Chihuahua, Mexico"
1518574163,02:09:23 UTC,25.1258,-105.8184,"02:09:23 Portero de Caídez, Tepehuanes, Durango, Mexico"
1518574236,02:10:36 UTC,21.6301,-102.6278,"02:10:36 Carretera Villa Hidalgo-Teocaltiche, Villa Hidalgo, Jalisco, 47200, Mexico"
1518574283,02:11:23 UTC,19.3665,-100.6851,"02:11:23 El Olivo, Tuzantla, Michoacán, Mexico"
1518574347,02:12:27 UTC,16.1873,-98.0865,"02:12:27 Playa Banco de Oro, Santiago Pinotepa Nacional, Oaxaca, Mexico"
1518574642,02:17:22 UTC,1.3270,-87.0957,"02:17:22 Zona Económica Exclusiva de Ecuador"
1518574762,02:19:22 UTC,-4.7285,-82.7932,"02:19:22 Piura, Peru"
1518574836,02:20:36 UTC,-8.5043,-80.0643,"02:20:36 Peru"
1518574882,02:21:22 UTC,-10.7987,-78.3700,"02:21:22 Peru"
1518574947,02:22:27 UTC,-14.0552,-75.8981,"02:22:27 Ica, Peru"
1518575002,02:23:22 UTC,-16.7612,-73.7656,"02:23:22 Peru"
1518575066,02:24:26 UTC,-19.9268,-71.1538,"02:24:26 Tarapacá Region, Chile"
1518575128,02:25:28 UTC,-22.8994,-68.5554,"02:25:28 San Pedro de Atacama, Provincia de El Loa, Antofagasta Region, Chile"
1518575187,02:26:27 UTC,-25.6772,-65.9666,"02:26:27 RN40, Dique Los Sauces, Municipio de San Carlos, San Carlos, SA, Argentina"
1518575243,02:27:23 UTC,-28.2823,-63.3635,"02:27:23 Belen, Colonia Dora, Departamento Avellaneda, SDE, G4328, Argentina"
1518575305,02:28:25 UTC,-31.1161,-60.2917,"02:28:25 Ruta Provincial 62, Cayastá, Municipio de Cayastá, Departamento Garay, Santa Fe, Argentina"
1518575363,02:29:23 UTC,-33.6210,-57.3152,"02:29:23 Cuchilla del Perdido, Soriano, 75205, Uruguay"
1518577708,03:08:28 UTC,12.9835,91.4945,"03:08:28 Andaman and Nicobar Islands, India"
1518577762,03:09:22 UTC,15.7027,93.6070,"03:09:22 Ayeyarwady, Myanmar"
1518577836,03:10:36 UTC,19.3534,96.5794,"03:10:36 Thandaunggyi Township, Hpa-An District, Kayin, Myanmar"
1518577883,03:11:23 UTC,21.6170,98.5216,"03:11:23 Mong Hsu Township, Loilen District, South Shan State, Shan State, Myanmar"
1518577947,03:12:27 UTC,24.6620,101.2852,"03:12:27 Dadiji, Chuxiong City, Chuxiong Yi Autonomous Prefecture, Yunnan, PRC"
1518578002,03:13:22 UTC,27.2721,103.8232,"03:13:22 Zhaotong, Zhaoyang, Zhaotong, Yunnan, PRC"
1518578068,03:14:28 UTC,30.2780,106.9899,"03:14:28 LinShui  County, Linshui County, Guang'an City, Sichuan, PRC"
1518578135,03:15:35 UTC,33.2542,110.4517,"03:15:35 Shangnan, Shangnan County, Shangluo City, Shaanxi, PRC"
1518578187,03:16:27 UTC,35.4613,113.2865,"03:16:27 Anshang, Xiuwu County, Jiaozuo City, Henan, PRC"
1518578242,03:17:22 UTC,37.7288,116.5015,"03:17:22 G3 Jingtai Expressway, Wuqiao County, Cangzhou City, Hebei, 061800, PRC"
1518578307,03:18:27 UTC,40.2889,120.6097,"03:18:27 刘台子满族乡, Xingcheng City, Huludao City, Liaoning, PRC"
1518578363,03:19:23 UTC,42.3022,124.3153,"03:19:23 沈平线, Kaiyuan City, Tieling City, Liaoning, PRC"
1518578437,03:20:37 UTC,44.7815,129.6996,"03:20:37 Yangming District, Mudanjiang City, Heilongjiang, 157000, PRC"
1518578483,03:21:23 UTC,46.1709,133.2869,"03:21:23 Abei, Hulin City, Jixi, Heilongjiang, PRC"
1518578547,03:22:27 UTC,47.8832,138.5871,"03:22:27 Nelma, Sovetsko-Gavansky Rayon, Khabarovsk Krai, Far Eastern Federal District, 682841, Russia"
1518578602,03:23:22 UTC,49.1268,143.4213,"03:23:22 Poronaysky District, Sakhalin Oblast, Far Eastern Federal District, Russia"
1518578729,03:25:29 UTC,51.0747,155.3735,"03:25:29 Severo-Kurilsky District, Sakhalin Oblast, Far Eastern Federal District, 694550, Russia"
1518578908,03:28:28 UTC,51.3904,173.2123,"03:28:28 Alaska, United States of America"
1518578962,03:29:22 UTC,50.9070,178.5343,"03:29:22 Aleutians West Census Area, Alaska, United States of America"
1518580946,04:02:26 UTC,-34.8189,-79.3202,"04:02:26 Reserva de la Biosfera Archipiélago de Juan Fernández"
1518581002,04:03:22 UTC,-37.1259,-76.1427,"04:03:22 Epicentre, Chile 20100227 08:01 UTC 6.9"
1518581066,04:04:26 UTC,-39.6558,-72.2181,"04:04:26 Cruce Ruta 5 (Lanco, Acceso Sur) - Panguipulli - Paso Huahum, Las Chivas, Panguipulli, Provincia de Valdivia, Los Ríos Region, Chile"
1518581128,04:05:28 UTC,-41.9520,-68.1229,"04:05:28 RP5, Departamento Nueve de Julio, RN, Argentina"
1518581186,04:06:26 UTC,-43.9239,-64.0467,"04:06:26 CHB, Argentina"
1518581786,04:16:26 UTC,-50.2965,-8.8412,"04:16:26 Argus II"
1518582328,04:25:28 UTC,-32.9377,30.5270,"04:25:28 Eastern Cape, RSA"
1518582506,04:28:26 UTC,-24.8410,39.1364,"04:28:26 Mozambique Channel"
1518582562,04:29:22 UTC,-22.1920,41.5604,"04:29:22 Mozambique Channel"
1518582655,04:30:55 UTC,-17.6379,45.4281,"04:30:55 N 8c, Melaky, Province de Mahajanga, Madagascar"
1518582684,04:31:24 UTC,-16.2555,46.5424,"04:31:24 Boeny, Province de Mahajanga, Madagascar"
1518582747,04:32:27 UTC,-13.1205,48.9889,"04:32:27 Diana, Antsiranana Province, Madagascar"
1518582801,04:33:21 UTC,-10.3854,51.0496,"04:33:21 Seychelles"
1518582865,04:34:25 UTC,-7.1530,53.4199,"04:34:25 Seychelles"
1518582927,04:35:27 UTC,-4.0322,55.6627,"04:35:27 Victoria, Mahé, SEZ, Seychelles"
1518583402,04:43:22 UTC,19.8381,73.4547,"04:43:22 SH21, Nigurpala, Nashik, Maharashtra, 401603, India"
1518583466,04:44:26 UTC,22.9389,76.1644,"04:44:26 Dewas, Dewās, Dewas, Madhya Pradesh, 455001, India"
1518583534,04:45:34 UTC,26.1695,79.1960,"04:45:34 SH70, Bangra, Jālaun, Jalaun, Uttar Pradesh, 285121, India"
1518583587,04:46:27 UTC,28.5869,81.6391,"04:46:27 Birendranagar, Surkhet, Bheri, Mid-Western Development Region, 21700, Nepal"
1518583642,04:47:22 UTC,31.1068,84.3839,"04:47:22 Pama, Zhongba County, Shigatse, Tibet Autonomous Region, PRC"
1518583706,04:48:26 UTC,33.9226,87.7498,"04:48:26 Shuanghu County, Nagqu Prefecture, Tibet Autonomous Region, PRC"
1518583761,04:49:21 UTC,36.2522,90.8358,"04:49:21 Qimantake, Ruoqiang County, Bayingolin Mongol Autonomous Prefecture, Xinjiang, PRC"
1518583836,04:50:36 UTC,39.2309,95.3072,"04:50:36 Dangchengwan, Subei Mongol Autonomous County, Jiuquan, Gansu, 736300, PRC"
1518583883,04:51:23 UTC,41.0153,98.3574,"04:51:23 Xiongguan District, Jiayuguan, Gansu, PRC"
1518583946,04:52:26 UTC,43.2539,102.7227,"04:52:26 Noyon - Bayandalai, Bayandalai, Ömnögovi, Mongolia"
1518584003,04:53:23 UTC,45.0918,106.9243,"04:53:23 Mandalgovi, Saihandulaan, Dundgovi, Mongolia"
1518584066,04:54:26 UTC,46.9376,111.9806,"04:54:26 Airag, Sükhbaatar, Mongolia"
1518584128,04:55:28 UTC,48.4743,117.2137,"04:55:28 S203, Sine Baryu Barayun/Xinba'erhuyou, New Barga Right Banner, Hulunbuir, Inner Mongolia, PRC"
1518584186,04:56:26 UTC,49.6797,122.4807,"04:56:26 Yakeshi, Hulunbuir, Inner Mongolia, PRC"
1518584242,04:57:22 UTC,50.5700,127.7070,"04:57:22 Березовский сельсовет, Ivanovsky District, Amur Oblast, Far Eastern Federal District, Russia"
1518584307,04:58:27 UTC,51.2718,134.0018,"04:58:27 Verkhnebureinsky District, Khabarovsk Krai, Far Eastern Federal District, Russia"
1518584363,04:59:23 UTC,51.5758,139.5909,"04:59:23 сельское поселение Село Калиновка, Ulchsky Rayon, Khabarovsk Krai, Far Eastern Federal District, Russia"
1518584546,05:02:26 UTC,50.5481,157.7501,"05:02:26 Kamchatka Krai, Far Eastern Federal District, Russia"
1518586346,05:32:26 UTC,-27.9120,-110.8124,"05:32:26 Valparaiso Region, Chile"
1518586883,05:41:23 UTC,-47.9763,-76.3809,"05:41:23 Aysén Region, Chile"
1518586947,05:42:27 UTC,-49.3683,-70.7856,"05:42:27 Laguna Grande, Corpen Aike, SC, Argentina"
1518587067,05:44:27 UTC,-51.1231,-59.4362,"05:44:27 Islas Malvinas, Falkland Islands"
1518588059,06:00:59 UTC,-24.9856,15.4661,"06:00:59 D827, Hardap Region, Namibia"
1518588084,06:01:24 UTC,-23.7754,16.5959,"06:01:24 M47, Klein Aub, Hardap Region, Namibia"
1518588147,06:02:27 UTC,-20.7692,19.2716,"06:02:27 D3806, Omaheke Region, Namibia"
1518588203,06:03:23 UTC,-18.0589,21.5503,"06:03:23 Thipanana, Kavango-East Region, Namibia"
1518588267,06:04:27 UTC,-14.8693,24.1033,"06:04:27 Western Province, Zambia"
1518588330,06:05:30 UTC,-11.7710,26.4796,"06:05:30 Haut-Katanga"
1518588386,06:06:26 UTC,-8.9262,28.5935,"06:06:26 Muechi, Haut-Katanga, DR Congo"
1518588441,06:07:21 UTC,-6.1425,30.6165,"06:07:21 Malambo, Mpanda, Katavi, Southern Highlands, Tanzania"
1518588506,06:08:26 UTC,-2.8659,32.9600,"06:08:26 Misasi, Misungwi, Mwanza, Lake, Tanzania"
1518588562,06:09:22 UTC,-0.0409,34.9644,"06:09:22 Miwani, Kisumu, Kenya"
1518588635,06:10:35 UTC,3.7006,37.6211,"06:10:35 Forolle, Marsabit, Kenya"
1518588682,06:11:22 UTC,6.0633,39.3134,"06:11:22 Borena, Oromia Region, Ethiopia"
1518588746,06:12:26 UTC,9.3044,41.6716,"06:12:26 Farda, East Harerghe, Oromia Region, Ethiopia"
1518588801,06:13:21 UTC,12.0747,43.7370,"06:13:21 Godorya قدريا, Obock District, Obock, Djibouti"
1518588867,06:14:27 UTC,15.3487,46.2605,"06:14:27 Shabwah Governorate, Yemen"
1518588934,06:15:34 UTC,18.6854,48.9548,"06:15:34 180, Najran Region, Saudi Arabia"
1518588986,06:16:26 UTC,21.1994,51.0896,"06:16:26 Eastern Region, Saudi Arabia"
1518589041,06:17:21 UTC,23.8469,53.4592,"06:17:21 Abu Dhabi, United Arab Emirates"
1518589106,06:18:26 UTC,26.8935,56.3768,"06:18:26 Larak shahri, Hormozgan, Iran"
1518589163,06:19:23 UTC,29.5237,59.1001,"06:19:23 Fahraj County, Kerman Province, Iran"
1518589236,06:20:36 UTC,32.7677,62.7927,"06:20:36 Farah Rud, Bala Buluk, Farah, Afghanistan"
1518589281,06:21:21 UTC,34.7147,65.2311,"06:21:21 Chaghcharan, Ghor, Afghanistan"
1518589345,06:22:25 UTC,37.3801,68.9171,"06:22:25 Qumsangir District, Khatlon Region, Tajikistan"
1518589401,06:23:21 UTC,39.5973,72.3741,"06:23:21 A372, Daroot Korgon, Чон-Алайский район, Osh Region, Kyrgyzstan"
1518589465,06:24:25 UTC,41.9599,76.5824,"06:24:25 Kalkagar, Issyk-Kul Region, Kyrgyzstan"
1518589524,06:25:24 UTC,44.0083,80.8337,"06:25:24 Huocheng/Korgas, Huocheng County, Ili Kazakh Autonomous Prefecture, Xinjiang, PRC"
1518589584,06:26:24 UTC,45.8642,85.3827,"06:26:24 兵团一三七团(风城), 兵团一三七团, Urho District, Karamay City, Xinjiang, PRC"
1518589640,06:27:20 UTC,47.4027,89.9074,"06:27:20 Fuyun County, Altay Prefecture, Xinjiang, PRC"
1518589704,06:28:24 UTC,48.9276,95.4997,"06:28:24 Ulaangom - Tsetserleg, Songino, Zavkhan, Mongolia"
1518589759,06:29:19 UTC,49.9805,100.5315,"06:29:19 Chandmani Undur - Tunel, Chandmani-Undur, Chandmani-Ondor, Hovsgel, Mongolia"
1518589853,06:30:53 UTC,51.1878,109.4855,"06:30:53 «Байкал», Хохотуйское сельское поселение, Petrovsk-Zabaykalsky Rayon, Zabaykalsky Krai, Siberian Federal District, Russia"
1518589881,06:31:21 UTC,51.4013,112.2611,"06:31:21 Артинское сельское поселение, Ulyotovsky District, Zabaykalsky Krai, Siberian Federal District, 674061, Russia"
1518589944,06:32:24 UTC,51.6177,118.5754,"06:32:24 Р-429, Новоширокинское сельское поселение, Gazimuro-Zavodsky District, Zabaykalsky Krai, Siberian Federal District, Russia"
1518590001,06:33:21 UTC,51.4974,124.2493,"06:33:21 S207, 塔源镇, Xinlin District, Daxing'anling Prefecture, Heilongjiang, PRC"
1518590064,06:34:24 UTC,51.0110,130.5399,"06:34:24 Romnensky District, Amur Oblast, Far Eastern Federal District, Russia"
1518590125,06:35:25 UTC,50.2063,136.4097,"06:35:25 Amursky Rayon, Khabarovsk Krai, Far Eastern Federal District, Russia"
1518590184,06:36:24 UTC,49.1326,141.8578,"06:36:24 Shakhtyorsk, Uglegorsky District, Sakhalin Oblast, Far Eastern Federal District, Russia"
1518590304,06:38:24 UTC,46.1787,151.9960,"06:38:24 Boussole Strait, Russia"
1518590784,06:46:24 UTC,27.2846,-178.5313,"06:46:24 Hawaii, United States of America"
1518591033,06:50:33 UTC,15.2926,-167.9789,"06:50:33 Calamity"
1518591200,06:53:20 UTC,6.8938,-161.6754,"06:53:20 United States of America (Minor Outlying Islands)"
1518591263,06:54:23 UTC,3.6943,-159.3790,"06:54:23 Tabuaeran, Kiribati"
1518591325,06:55:25 UTC,0.5637,-157.1553,"06:55:25 Bighorn, Kiribati"
1518591384,06:56:24 UTC,-2.4145,-155.0432,"06:56:24 Kiribati"
1518591503,06:58:23 UTC,-8.4785,-150.6838,"06:58:23 Kiribati"
1518591653,07:00:53 UTC,-15.9443,-145.0188,"07:00:53 Kauehi, Fakarava, Tuamotu-Gambier, French Polynesia, France"
1518591681,07:01:21 UTC,-17.3283,-143.9085,"07:01:21 Tuamotu-Gambier, French Polynesia, France, Polynésie française (eaux territoriales)"
1518591744,07:02:24 UTC,-20.3885,-141.3610,"07:02:24 French Polynesia, France"
1518591800,07:03:20 UTC,-23.1145,-138.9616,"07:03:20 French Polynesia, France"
1518592704,07:18:24 UTC,-51.5938,-74.9866,"07:18:24 Natales, Provincia de Última Esperanza, XII Region of Magallanes and Chilean Antarctica, Chile"
1518592760,07:19:20 UTC,-51.5684,-69.3348,"07:19:20 Barrio Servicios Públicos, Consejo Agrario, Río Gallegos, Municipio de Río Gallegos, Güer Aike, SC, 9400, Argentina"
1518592834,07:20:34 UTC,-51.1018,-62.1084,"07:20:34 Falkland Islands"
1518592880,07:21:20 UTC,-50.5569,-57.6143,"07:21:20 Islas Malvinas, Falkland Islands"
1518593544,07:32:24 UTC,-28.2941,-11.3438,"07:32:24 Autopista Santa Fe-Rosario"
1518594080,07:41:20 UTC,-1.9466,10.0796,"07:41:20 Sangala, Ngounié, Gabon"
1518594144,07:42:24 UTC,1.3116,12.3895,"07:42:24 Ogooué-Ivindo, Gabon"
1518594200,07:43:20 UTC,4.1357,14.3980,"07:43:20 Batouri, Kadey, East, Cameroon"
1518594263,07:44:23 UTC,7.3591,16.7166,"07:44:23 Béboura I, Ouham-Pendé, Central African Republic"
1518594331,07:45:31 UTC,10.7449,19.2051,"07:45:31 Tamadot, Guéra, Chad"
1518594384,07:46:24 UTC,13.4307,21.2363,"07:46:24 Abéché, Ouaddaï, Chad"
1518594440,07:47:20 UTC,16.2203,23.4174,"07:47:20 Oure Cassoni Refugee Camp, Wadi Fira, Chad"
1518594504,07:48:24 UTC,19.3743,25.9963,"07:48:24 North Darfur State, Sudan"
1518594561,07:49:21 UTC,22.1207,28.3652,"07:49:21 New Valley Governorate, Egypt"
1518594634,07:50:34 UTC,25.5814,31.5588,"07:50:34 Markaz Tahta, Sohag Governorate, Egypt"
1518594681,07:51:21 UTC,27.7792,33.7369,"07:51:21 Red Sea Governorate, Egypt"
1518594744,07:52:24 UTC,30.6806,36.8365,"07:52:24 Ma’an, Jordan"
1518594801,07:53:21 UTC,33.1854,39.7666,"07:53:21 Mahfur al Jandali, Al Anbar, Iraq"
1518594864,07:54:24 UTC,35.8775,43.2509,"07:54:24 Qaryat al Hamidiyah ash Sharqiyah, Al Mnsul Qadha, Nineveh, Iraq"
1518594924,07:55:24 UTC,38.3259,46.8085,"07:55:24 بدوستان غربی, بخش خواجه, Heris County, East Azerbaijan Province, Iran"
1518594984,07:56:24 UTC,40.6242,50.5933,"07:56:24 Bakı İnzibati Ərazisi, Azerbaijan"
1518595040,07:57:20 UTC,42.6505,54.4090,"07:57:20 Karakiya District, Mangystau Region, Kazakhstan"
1518595103,07:58:23 UTC,44.7470,59.0159,"07:58:23 Muynoq district, Republic of Karakalpakstan, Uzbekistan"
1518595160,07:59:20 UTC,46.4533,63.4829,"07:59:20 Кармакшинский район, Kyzylorda Region, 120500, Kazakhstan"
1518595254,08:00:54 UTC,48.7968,71.4243,"08:00:54 КМ-4, Ленино, Zhanaarka District, Karaganda Region, Kazakhstan"
1518595281,08:01:21 UTC,49.3561,73.8529,"08:01:21 Кызылту, Karkaraly District, Karaganda Region, Kazakhstan"
1518595345,08:02:25 UTC,50.4428,79.7764,"08:02:25 Талды, Семей қ.ә., East Kazakhstan Region, Kazakhstan"
1518595400,08:03:20 UTC,51.1129,85.1563,"08:03:20 Беш-Озёк, Shebalinsky Rayon, Altai Republic, Siberian Federal District, Russia"
1518595465,08:04:25 UTC,51.5426,91.5170,"08:04:25 Чадан - Ийме, Ийме, Dzun-Khemchiksky Kozhuun, Tuva, Siberian Federal District, Russia"
1518595525,08:05:25 UTC,51.6013,97.5469,"08:05:25 Todzhinsky Kozhuun, Tuva, Siberian Federal District, Russia"
1518595584,08:06:24 UTC,51.3288,103.4969,"08:06:24 сельское поселение Торы, Tunkinsky District, Buryatia, Siberian Federal District, Russia"
1518595640,08:07:20 UTC,50.7900,108.8962,"08:07:20 Katangar, Petrovsk-Zabaykalsky Rayon, Zabaykalsky Krai, Siberian Federal District, 673018, Russia"
1518595704,08:08:24 UTC,49.8315,114.9751,"08:08:24 Galuut bag, Chuluunhoroot, Dornod, Mongolia"
1518595761,08:09:21 UTC,48.6975,120.1478,"08:09:21 Hulunbuir, Hailar, Hulunbuir, Inner Mongolia, 021000, PRC"
1518595833,08:10:33 UTC,46.9225,126.3025,"08:10:33 Wangkui County, Suihua City, Heilongjiang, PRC"
1518595880,08:11:20 UTC,45.5782,130.0771,"08:11:20 红石村, Linkou County, Mudanjiang City, Heilongjiang, PRC"
1518595944,08:12:24 UTC,43.5392,134.9046,"08:12:24 Primorsky Krai, Far Eastern Federal District, Russia"
1518596000,08:13:20 UTC,41.5991,138.8063,"08:13:20 Oshima Subprefecture, Hokkaido, Japan"
1518596064,08:14:24 UTC,39.1900,142.9964,"08:14:24 Iwate Prefecture, Japan"
1518596600,08:23:20 UTC,14.7242,168.9330,"08:23:20 Utirik, Marshall Islands"
1518596664,08:24:24 UTC,11.5445,171.3667,"08:24:24 Marshall Islands"
1518597080,08:31:20 UTC,-9.5356,-173.4410,"08:31:20 Tokelau"
1518597143,08:32:23 UTC,-12.7023,-171.0702,"08:32:23 Samoa"
1518597200,08:33:20 UTC,-15.5193,-168.8886,"08:33:20 American Samoa, United States of America"
1518597984,08:46:24 UTC,-47.7043,-124.3882,"08:46:24 Oceanic Point of Inaccessibility"
1518598526,08:55:26 UTC,-49.0012,-72.8787,"08:55:26 Lago Argentino, SC, Argentina"
1518598583,08:56:23 UTC,-47.6770,-67.8826,"08:56:23 Ruta Provincial 49, Deseado, SC, Argentina"
1518598639,08:57:19 UTC,-46.1697,-63.2861,"08:57:19 Argentina exclusive economic zone"
1518599239,09:07:19 UTC,-21.7141,-28.6180,"09:07:19 Brazil's contiguous zone, Brazil"
1518599784,09:16:24 UTC,5.5787,-8.1022,"09:16:24 Putu Penoken Iron Mining Residential Area and Company HQ, Dugbeh, Boley's, Putu, Grand Gedeh County, Liberia"
1518599840,09:17:20 UTC,8.4174,-6.0462,"09:17:20 Nyannan, Béré, Woroba, Côte d'Ivoire"
1518599905,09:18:25 UTC,11.6953,-3.6163,"09:18:25 Ouakuy, Béréba, Tuy, Upper-Basins, Burkina Faso"
1518599960,09:19:20 UTC,14.4245,-1.5296,"09:19:20 Nassoumbou, Soum, Sahel, Burkina Faso"
1518600034,09:20:34 UTC,18.0683,1.3785,"09:20:34 Kidal, Kidal Cercle, Kidal, Mali"
1518600080,09:21:20 UTC,20.3459,3.2863,"09:21:20 RN 55A, Tinzaouten, de Tinzaouaten District, circonscription administrative In Guezzam, Tamanrasset, Algeria"
1518600144,09:22:24 UTC,23.4138,5.9949,"09:22:24 Idles, de Tazrouk District, Tamanrasset, Algeria"
1518600200,09:23:20 UTC,26.0943,8.5220,"09:23:20 Illizi, Illizi District, Illizi, 33000, Algeria"
1518600265,09:24:25 UTC,29.0867,11.5655,"09:24:25 Nalut, Libya"
1518600325,09:25:25 UTC,31.7935,14.5723,"09:25:25 Al Halamah, Misrata, Libya"
1518600441,09:27:21 UTC,36.7232,20.8989,"09:27:21 Ionian Islands Region, Peloponnese, West Greece and Ionian Sea, Greece"
1518600504,09:28:24 UTC,39.2461,24.7312,"09:28:24 Δήμος Αγίου Ευστρατίου, Regional Unit of Lemnos, North Aegean Region, 81500, Greece"
1518600560,09:29:20 UTC,41.3602,28.3860,"09:29:20 Belgrat, Çatalca, Istanbul, Marmara Region, Turkey"
1518600652,09:30:52 UTC,44.5210,34.9453,"09:30:52 Novyi Svet, Sudak municipality, 298032, Ukraine"
1518600681,09:31:21 UTC,45.4098,37.1250,"09:31:21 Za Rodinu, Temryuksky District, Krasnodar Krai, South federal district, 353522, Russia"
1518600744,09:32:24 UTC,47.2148,42.2393,"09:32:24 60К-9 — Кутейниковская, Кутейниковское сельское поселение, Зимовниковский район, ROS, South federal district, Russia"
1518600800,09:33:20 UTC,48.5846,47.0410,"09:33:20 Bokey Orda District, West Kazakhstan Region, Kazakhstan"
1518600864,09:34:24 UTC,49.8565,52.7936,"09:34:24 Акоба, Syrym District, West Kazakhstan Region, Kazakhstan"
1518600925,09:35:25 UTC,50.7642,58.5382,"09:35:25 Приозерное, Kargaly District, Aktobe Region, Kazakhstan"
1518600984,09:36:24 UTC,51.3462,64.3788,"09:36:24 Кожинская сельская администрация, Наурзумский район, Kostanay Region, Kazakhstan"
1518601040,09:37:20 UTC,51.5993,69.9802,"09:37:20 Астраханка, Астраханский район, Akmola Region, Kazakhstan"
1518601104,09:38:24 UTC,51.5333,76.3610,"09:38:24 Баянаульский район, Pavlodar Region, 140308, Kazakhstan"
1518601160,09:39:20 UTC,51.1653,81.9310,"09:39:20 Карамышевский сельсовет, Zmeinogorsky District, Altai Krai, Siberian Federal District, Russia"
1518601232,09:40:32 UTC,50.2797,88.8979,"09:40:32 Теленгит-Сортогойское сельское поселение, Kosh-Agachsky Rayon, Altai Republic, Siberian Federal District, Russia"
1518601280,09:41:20 UTC,49.4551,93.3198,"09:41:20 Naranbulag, Uvs, Mongolia"
1518601345,09:42:25 UTC,48.0534,99.0500,"09:42:25 Tsakhir, Tsahir, Arkhangai, Mongolia"
1518601401,09:43:21 UTC,46.5958,103.7416,"09:43:21 Bayan-Undur, Bayan-Ondor, Övörkhangai, Mongolia"
1518601464,09:44:24 UTC,44.7021,108.7284,"09:44:24 Mandakh - Saikhandulaan, Mandakh, Mandah, Dornogovi, Mongolia"
1518601533,09:45:33 UTC,42.4254,113.6784,"09:45:33 Xianghuang Banner, Bordered Yellow Banner, Xilingol League, Inner Mongolia, PRC"
1518601584,09:46:24 UTC,40.5523,117.1699,"09:46:24 G45, Taishitun, Miyun District, Beijing, PRC"
1518601640,09:47:20 UTC,38.4086,120.7003,"09:47:20 Changdao, Changdao County, Yantai City, Shandong, 265800, PRC"
1518601704,09:48:24 UTC,35.7757,124.5251,"09:48:24 Jeollanam-do, South Korea"
1518601761,09:49:21 UTC,33.3623,127.6528,"09:49:21 Yeosu-si, Jeollanam-do, South Korea"
1518601833,09:50:33 UTC,30.1869,131.3481,"09:50:33 Kumage County, Kagoshima Prefecture, Japan"
1518602125,09:55:25 UTC,16.2721,144.1781,"09:55:25 Northern Mariana Islands, United States of America"
1518602184,09:56:24 UTC,13.3573,146.4569,"09:56:24 Northern Mariana Islands, United States of America"
1518602304,09:58:24 UTC,7.2845,150.9745,"09:58:24 Chuuk, Federated States of Micronesia"
1518602360,09:59:20 UTC,4.4417,153.0204,"09:59:20 Chuuk, Federated States of Micronesia"
1518602544,10:02:24 UTC,-4.8690,159.6412,"10:02:24 Malaita Province, Solomon Islands"
1518602600,10:03:20 UTC,-7.7086,161.6892,"10:03:20 Malaita Province, Solomon Islands"
1518602664,10:04:24 UTC,-10.9127,164.0489,"10:04:24 Makira-Ulawa Province, Solomon Islands"
1518602725,10:05:25 UTC,-13.9687,166.3689,"10:05:25 Torba, Vanuatu"
1518602784,10:06:24 UTC,-16.9222,168.6977,"10:06:24 Port Vila, Shefa Province, PMB 9054, Vanuatu"
1518602840,10:07:20 UTC,-19.6467,170.9430,"10:07:20 Tafea, Vanuatu"
1518602904,10:08:24 UTC,-22.7440,173.6385,"10:08:24 Western, Fiji"
1518603080,10:11:20 UTC,-30.9043,-178.1975,"10:11:20 New Zealand"
1518604401,10:33:21 UTC,-39.1539,-72.2535,"10:33:21 Casas Arbolito, Villarrica, Provincia de Cautín, Araucanía Region, Chile"
1518604463,10:34:23 UTC,-36.6761,-68.5043,"10:34:23 Aguada del Toro, Distrito Agua Escondida, Departamento Malargüe, Mendoza, Argentina"
1518604524,10:35:24 UTC,-34.1149,-65.0658,"10:35:24 Ruta Provincial 27, General Pedernera, San Luis, Argentina"
1518604584,10:36:24 UTC,-31.5158,-61.9252,"10:36:24 Zenón Pereyra, Municipio de Zenón Pereyra, Departamento Castellanos, Santa Fe, Argentina"
1518604640,10:37:20 UTC,-28.9918,-59.1399,"10:37:20 Santa Lucía, Municipio de Santa Lucía, Departamento Lavalle, Ctes., 3440, Argentina"
1518604703,10:38:23 UTC,-26.0752,-56.1792,"10:38:23 General Eugenio A. Garay, Guairá, Región Oriental, Paraguay"
1518604760,10:39:20 UTC,-23.4008,-53.6594,"10:39:20 Icaraíma, Microrregião Umuarama, Mesorregião Noroeste Paranaense, Paraná, South Region, Brazil"
1518604833,10:40:33 UTC,-19.9012,-50.5847,"10:40:33 Rodovia Vicinal para Mesópolis, Populina, Microrregião de Jales, Mesorregião de São José do Rio Preto, São Paulo, Southeast Region, Brazil"
1518604881,10:41:21 UTC,-17.5494,-48.6320,"10:41:21 Santa Cruz de Goiás, Microrregião de Pires do Rio, Mesorregião Sul Goiano, Goiás, Central-West Region, Brazil"
1518604943,10:42:23 UTC,-14.4532,-46.1708,"10:42:23 GO-108, Buritinópolis, Microrregião do Vão do Paraná, Mesorregião Leste Goiano, Goiás, Central-West Region, Brazil"
1518604999,10:43:19 UTC,-11.6527,-44.0300,"10:43:19 Wanderley, Microrregião de Cotegipe, Mesorregião do Extremo Oeste Baiano, Bahia, Northeast Region, Brazil"
1518605064,10:44:24 UTC,-8.4031,-41.6220,"10:44:24 Lagoa do Barro do Piauí, Microrregião do Alto Médio Canindé, Mesorregião Sudeste Piauiense, Piauí, Northeast Region, Brazil"
1518605132,10:45:32 UTC,-4.9825,-39.1490,"10:45:32 Custódio, Microrregião o Sertão de Quixeramobim, Mesorregião dos Sertões Cearenses, Ceará, Northeast Region, 63900000, Brazil"
1518605544,10:52:24 UTC,15.8377,-23.9521,"10:52:24 Santa Catarina, 7310, Cape Verde"
1518605725,10:55:25 UTC,24.6249,-16.4159,"10:55:25 Dakhla-Oued Ed-Dahab, Morocco"
1518605784,10:56:24 UTC,27.3751,-13.7390,"10:56:24 Laayoune, Morocco"
1518605840,10:57:20 UTC,29.9708,-11.0138,"10:57:20 Commissariat de la Garenne-Colombes"
1518605904,10:58:24 UTC,32.8044,-7.7622,"10:58:24 N9;P3618, Khemisset Chaouia, caïdat de Oulad Bouziri, Cercle de Settat دائرة سطات, Settat Province, Casablanca-Settat, 26652, Morocco"
1518605961,10:59:21 UTC,35.2384,-4.6782,"10:59:21 M'Tioua, Caïdat de Jebha, cercle de Bab Berred, Chefchaouen Province, Tangier-Tetouan-Al Hoceima, 91153, Morocco"
1518606055,11:00:55 UTC,39.0867,0.9416,"11:00:55 Sant Josep de sa Talaia, Ibiza, Balearic Islands, Spain (territorial waters)"
1518606080,11:01:20 UTC,40.0507,2.5353,"11:01:20 Sóller, Serra de Tramuntana, Balearic Islands, 07100, Spain (territorial waters)"
1518606144,11:02:24 UTC,42.3806,6.8035,"11:02:24 Var, Provence-Alpes-Côte d'Azur, Metropolitan France, France"
1518606200,11:03:20 UTC,44.2606,10.8076,"11:03:20 Via Casa Ricci, La Rovina, Sestola, Unione dei comuni del Frignano, MO, Emilia-Romagna, 41029, Italy"
1518606265,11:04:25 UTC,46.2631,15.8774,"11:04:25 2083, Vrbno, Varaždin, 44253, Croatia"
1518606325,11:05:25 UTC,47.8392,20.7676,"11:05:25 Gelej, Mezőcsáti járás, Borsod-Abaúj-Zemplén, Northern Hungary, Great Plain and North, 3444, Hungary"
1518606383,11:06:23 UTC,49.1621,25.9095,"11:06:23 Koloniya, Kopychyntsi, Husiatyn Raion, Ternopil Oblast, 48260, Ukraine"
1518606440,11:07:20 UTC,50.1896,31.1274,"11:07:20 О-100409, Vasylky, Boryspil Raion, Kyiv Oblast, 08362, Ukraine"
1518606503,11:08:23 UTC,51.0261,37.2375,"11:08:23 Korenek, Gubkinsky Urban Okrug, Belgorod Oblast, Central Federal District, 309163, Russia"
1518606560,11:09:20 UTC,51.4670,42.7811,"11:09:20 Лесновское сельское поселение, Balashovsky District, Saratov Oblast, Volga Federal District, Russia"
1518606634,11:10:34 UTC,51.6062,50.2106,"11:10:34 Нижнепокровское сельское поселение, Perelyubsky District, Saratov Oblast, Volga Federal District, Russia"
1518606680,11:11:20 UTC,51.4327,54.8702,"11:11:20 Первомайский поссовет, Orenburgsky District, Orenburg Oblast, Volga Federal District, Russia"
1518606744,11:12:24 UTC,50.8761,61.1323,"11:12:24 Светлый – Первомайский, Светлинский поссовет, Svetlinsky District, Orenburg Oblast, Volga Federal District, Russia"
1518606800,11:13:20 UTC,50.0907,66.4893,"11:13:20 Алуа, Аркалык Г.А., Kostanay Region, Kazakhstan"
1518606864,11:14:24 UTC,48.8873,72.3083,"11:14:24 Кызылорда-Павлодар, Атасу, Шетский район, Karaganda Region, 100500, Kazakhstan"
1518606931,11:15:31 UTC,47.2752,78.1416,"11:15:31 Ayagoz District, East Kazakhstan Region, Kazakhstan"
1518606985,11:16:25 UTC,45.7935,82.4457,"11:16:25 Yumin County, Tacheng Prefecture, Xinjiang, PRC"
1518607040,11:17:20 UTC,44.0608,86.6873,"11:17:20 Hutubi/Qutubi, Hutubi County, Changji Hui Autonomous Prefecture, Xinjiang, PRC"
1518607105,11:18:25 UTC,41.8418,91.2828,"11:18:25 Shanshan, Turpan/Tulufan, Xinjiang, PRC"
1518607159,11:19:19 UTC,39.8165,94.8997,"11:19:19 Dangchengwan, Subei Mongol Autonomous County, Jiuquan, Gansu, 736300, PRC"
1518607234,11:20:34 UTC,36.8782,99.4512,"11:20:34 Gonghe County, Hainan Tibetan Autonomous Prefecture, Qinghai, PRC"
1518607280,11:21:20 UTC,34.9360,102.1181,"11:21:20 S312, Xiahe/Bsang Chu, Xiahe County, Gannan Tibetan Autonomous Prefecture, Gansu, PRC"
1518607343,11:22:23 UTC,32.2042,105.5183,"11:22:23 石寨板, Jiange County, Guangyuan City, Sichuan, PRC"
1518607400,11:23:20 UTC,29.6692,108.3816,"11:23:20 Sanyi, Pengshui Miao and Tujia Autonomous County, Chongqing, PRC"
1518607465,11:24:25 UTC,26.6923,111.4619,"11:24:25 Huaqiao, Dong'an County, Yongzhou City, Hunan, PRC"
1518607526,11:25:26 UTC,23.7844,114.2371,"11:25:26 Longcheng, Wangping, Longmen County, Huizhou City, Guangdong, PRC"
1518607583,11:26:23 UTC,21.0387,116.6888,"11:26:23 中興里, Qijin, Kaohsiung, 805, ROC"
1518607640,11:27:20 UTC,18.2769,119.0216,"11:27:20 Ilocos Norte, Ilocos Region, Philippines"
1518607704,11:28:24 UTC,15.1339,121.5471,"11:28:24 Quezon, Calabarzon, Philippines"
1518607759,11:29:19 UTC,12.3596,123.6861,"11:29:19 Mabunga, Bangad, Masbate, Bicol Region, 5401, Philippines"
1518607851,11:30:51 UTC,7.7453,127.1080,"11:30:51 Baganga, Davao Oriental, Davao, Philippines"
1518607944,11:32:24 UTC,3.0482,130.4823,"11:32:24 Hatohobei, Palau"
1518608000,11:33:20 UTC,0.1972,132.5057,"11:33:20 West Papua, Indonesia"
1518608064,11:34:24 UTC,-3.0352,134.7992,"11:34:24 Nabire, Papua, Indonesia"
1518608126,11:35:26 UTC,-6.1849,137.0529,"11:35:26 Papua, Indonesia"
1518608184,11:36:24 UTC,-9.1203,139.1878,"11:36:24 Papua, Indonesia"
1518608239,11:37:19 UTC,-11.9140,141.2670,"11:37:19 Queensland, Australia"
1518608304,11:38:24 UTC,-15.1108,143.7246,"11:38:24 Peninsula Developmental Road, Queensland, Australia"
1518608360,11:39:20 UTC,-17.9047,145.9621,"11:39:20 Bruce Highway, Tully, Queensland, Australia"
1518608433,11:40:33 UTC,-21.4651,148.9714,"11:40:33 Blue Mountain Road, Haverholm, Glensfield Homestead, Queensland, Australia"
1518608480,11:41:20 UTC,-23.6978,150.9716,"11:41:20 Gladstone, Queensland, Australia"
1518608543,11:42:23 UTC,-26.6705,153.8042,"11:42:23 Queensland, Australia"
1518608663,11:44:23 UTC,-32.1240,159.6733,"11:44:23 New South Wales, Australia"
1518608903,11:48:23 UTC,-41.7994,173.9190,"11:48:23 Medway Road, Blenheim, Marlborough, New Zealand"
1518609034,11:50:34 UTC,-46.0367,-176.5089,"11:50:34 Chatham Islands, New Zealand"
1518610233,12:10:33 UTC,-27.2743,-80.9002,"12:10:33 Chile"
1518610280,12:11:20 UTC,-25.1205,-78.7939,"12:11:20 Chile"
1518610464,12:14:24 UTC,-16.2021,-71.0806,"12:14:24 San Juan de Tarucani, Arequipa, Peru"
1518610532,12:15:32 UTC,-12.8412,-68.4635,"12:15:32 Municipio Ixiamas, Provincia Abel Iturralde, LPZ, Bolivia"
1518610584,12:16:24 UTC,-10.2302,-66.5007,"12:16:24 Canton Eureka, Municipio Ingavi, Provincia de Abuná, PND, Bolivia"
1518610640,12:17:20 UTC,-7.4019,-64.4263,"12:17:20 Canutama, Microrregião de Purus, Mesorregião Sul Amazonense, Amazonas, North Region, Brazil"
1518610704,12:18:24 UTC,-4.1550,-62.0907,"12:18:24 Anori, Microrregião de Coari, Amazonas, North Region, Brazil"
1518610760,12:19:20 UTC,-1.3317,-60.0828,"12:19:20 Presidente Figueiredo, Microrregião de Rio Preto da Eva, Mesorregião Centro Amazonense, Amazonas, North Region, Brazil"
1518610833,12:20:33 UTC,2.4103,-57.4292,"12:20:33 Oronoque Camp, East Berbice-Corentyne, Guyana"
1518610880,12:21:20 UTC,4.7754,-55.7434,"12:21:20 Distrikt Brokopondo, Brokopondo, Suriname"
1518611544,12:32:24 UTC,36.4020,-26.6208,"12:32:24 Azores, Portugal"
1518611904,12:38:24 UTC,48.4077,-0.7081,"12:38:24 D 33, Gorron, Mayenne, Pays de la Loire, Metropolitan France, 53120, France"
1518611961,12:39:21 UTC,49.5888,4.3617,"12:39:21 D 35, Sery, Rethel, Ardennes, Grand Est, Metropolitan France, 08270, France"
1518612033,12:40:33 UTC,50.7170,11.1078,"12:40:33 K 115, Paulinzella, Königsee-Rottenbach, Landkreis Saalfeld-Rudolstadt, Thuringia, 07426, Germany, Europe"
1518612081,12:41:21 UTC,51.2274,15.8000,"12:41:21 Radziechów, gmina Zagrodno, powiat złotoryjski, Lower Silesian Voivodeship, Poland"
1518612144,12:42:24 UTC,51.5805,22.0834,"12:42:24 Żabianka, gmina Ułęż, powiat rycki, Lublin Voivodeship, Poland"
1518612199,12:43:19 UTC,51.5863,27.6632,"12:43:19 Т-18-18, Kupel, Rokytne Raion, Rivne Oblast, 34223, Ukraine"
1518612264,12:44:24 UTC,51.2338,34.0987,"12:44:24 Базарівка вулиця, Pisky, Buryn Raion, Sumy Oblast, 41720, Ukraine"
1518612331,12:45:31 UTC,50.4700,40.6170,"12:45:31 улица Калинина, Пирогово, Калачеевский район, Voronezh Oblast, Central Federal District, 397624, Russia"
1518612384,12:46:24 UTC,49.5936,45.5874,"12:46:24 Солдатско-Степновское сельское поселение, Bykovsky District, Volgograd Oblast, South federal district, Russia"
1518612441,12:47:21 UTC,48.4250,50.6147,"12:47:21 Zhanakala District, West Kazakhstan Region, Kazakhstan"
1518612504,12:48:24 UTC,46.8243,56.0011,"12:48:24 Дияр, Bayganin District, Aktobe Region, Kazakhstan"
1518612560,12:49:20 UTC,45.2101,60.4198,"12:49:20 Aral District, Kyzylorda Region, 120100, Kazakhstan"
1518612633,12:50:33 UTC,42.8191,65.8205,"12:50:33 ферма №3, Жанакорганский район, Kyzylorda Region, Kazakhstan"
1518612680,12:51:20 UTC,41.1568,69.0253,"12:51:20 Khalqobod, Yangiyo'l tumani, Tashkent Region, 110816, Uzbekistan"
1518612743,12:52:23 UTC,38.7354,73.1244,"12:52:23 Murghob District, Gorno-Badakhshan Autonomous Region, Tajikistan"
1518612800,12:53:20 UTC,36.4321,76.5514,"12:53:20 Taxkorgan Tajik Autonomous County, Kashgar Prefecture, Xinjiang, PRC"
1518612864,12:54:24 UTC,33.7428,80.1152,"12:54:24 日土县, Rutog County, Ngari Prefecture, Tibet Autonomous Region, PRC"
1518612926,12:55:26 UTC,31.0322,83.3396,"12:55:26 Zhongba County, Shigatse, Tibet Autonomous Region, PRC"
1518612983,12:56:23 UTC,28.4411,86.1520,"12:56:23 G318, Yarleb, Nyalam County, Shigatse, Tibet Autonomous Region, PRC"
1518613040,12:57:20 UTC,25.7617,88.8392,"12:57:20 Rangpur Division, Bangladesh"
1518613104,12:58:24 UTC,22.7379,91.6556,"12:58:24 Fatikchhari, Chittagong District, Chittagong Division, 4053, Bangladesh"
1518613160,12:59:20 UTC,20.0245,94.0260,"12:59:20 Ann Township, Kyaukpyu District, Rakhine, Myanmar"
1518613253,13:00:53 UTC,15.4405,97.7725,"13:00:53 Thaung Pyin, Ye, Mawlamyine, Mon, Myanmar"
1518613280,13:01:20 UTC,14.1200,98.8040,"13:01:20 ထီးခီးလမ္(Htee Khe Road), Dawei Township, Dawei District, Tanintharyi Region, Myanmar"
1518613344,13:02:24 UTC,10.9103,101.2432,"13:02:24 Trat Province, Thailand"
1518613400,13:03:20 UTC,8.1077,103.3106,"13:03:20 Kien Giang Province, Vietnam"
1518613464,13:04:24 UTC,4.8609,105.6552,"13:04:24 Riau Islands, Indonesia"
1518613525,13:05:25 UTC,1.7574,107.8660,"13:05:25 Riau Islands, Indonesia"
1518613586,13:06:26 UTC,-1.3232,110.0499,"13:06:26 Pangkalan Buton, West Kalimantan, Indonesia"
1518613640,13:07:20 UTC,-4.0960,112.0217,"13:07:20 Central Kalimantan, Indonesia"
1518613704,13:08:24 UTC,-7.3435,114.3571,"13:08:24 Prambanan, East Java, Indonesia"
1518613760,13:09:20 UTC,-10.1221,116.3938,"13:09:20 West Nusa Tenggara, Indonesia"
1518613880,13:11:20 UTC,-16.1208,120.9892,"13:11:20 Western Australia, Australia"
1518613944,13:12:24 UTC,-19.2706,123.5598,"13:12:24 Western Australia, Australia"
1518614000,13:13:20 UTC,-21.9892,125.8988,"13:13:20 Western Australia, Australia"
1518614064,13:14:24 UTC,-25.0204,128.6722,"13:14:24 Great Central Road, Warakurna, Western Australia, Australia"
1518614132,13:15:32 UTC,-28.2164,131.8351,"13:15:32 Maralinga Tjarutja, South Australia, Australia"
1518614184,13:16:24 UTC,-30.5593,134.3490,"13:16:24 Tarcoola, Pastoral Unincorporated Area, South Australia, Australia"
1518614240,13:17:20 UTC,-33.0383,137.2341,"13:17:20 Myola Station, Pastoral Unincorporated Area, South Australia, 5600, Australia"
1518614304,13:18:24 UTC,-35.7698,140.7498,"13:18:24 Pinnaroo, Southern Mallee District Council, South Australia, 5304, Australia"
1518614359,13:19:19 UTC,-38.0161,143.9795,"13:19:19 Shelford, Golden Plains Shire, Grampians, Victoria, 3329, Australia"
1518614433,13:20:33 UTC,-40.8466,148.6316,"13:20:33 Deep Creek, Tasmania, Australia"
1518614480,13:21:20 UTC,-42.5205,151.7909,"13:21:20 Freycinet Commonwealth Marine Reserve"
1518614664,13:24:24 UTC,-48.0156,166.0914,"13:24:24 New Zealand"
1518615800,13:43:20 UTC,-26.7864,-103.9457,"13:43:20 Parque Marino Motu Motiro Hiva"
1518616400,13:53:20 UTC,2.9439,-80.5834,"13:53:20 Valle del Cauca, Colombia"
1518616464,13:54:24 UTC,6.1965,-78.2563,"13:54:24 Bahía Solano (Mutis), Chocó, Colombia"
1518616525,13:55:25 UTC,9.2853,-76.0082,"13:55:25 Pajonal, San Bernardo del Viento, Córdoba, Colombia"
1518616584,13:56:24 UTC,12.2562,-73.7914,"13:56:24 Sede edno educativa el colorao, Colombia"
1518616704,13:58:24 UTC,18.1994,-69.1125,"13:58:24 La Romana, 22000, D.R."
1518616855,14:00:55 UTC,25.4667,-62.6838,"14:00:55 10-28"
1518616881,14:01:21 UTC,26.6883,-61.4930,"14:01:21 10-28"
1518617600,14:13:20 UTC,50.8571,-11.3175,"14:13:20 Munster, Ireland"
1518617664,14:14:24 UTC,51.4261,-5.0095,"14:14:24 Castlemartin, Pembrokeshire, Wales, SA71 5HH, United Kingdom"
1518617732,14:15:32 UTC,51.6188,1.8114,"14:15:32 Maunsell Navy Fort  Sunk Head Tower, Kent, United Kingdom"
1518617784,14:16:24 UTC,51.4755,7.0297,"14:16:24 46, Heeskampshof, Stoppenberg, Stadtbezirk VI, Essen, Regierungsbezirk Düsseldorf, North Rhine-Westphalia, 45141, Germany"
1518617839,14:17:19 UTC,51.0531,12.4787,"14:17:19 Pahna, Fockendorf, Pleißenaue, Landkreis Altenburger Land, Thuringia, 04617, Germany"
1518617904,14:18:24 UTC,50.2231,18.6455,"14:18:24 Walentego Rakoniewskiego, Osiedle I Wojska Polskiego, Krywałd, Knurów, Gliwice County, Silesian Voivodeship, 44-191, Poland"
1518617961,14:19:21 UTC,49.1849,23.9624,"14:19:21 Марцинівка, Stryi, Stryi City Council, Lviv Oblast, 82400, Ukraine"
1518618034,14:20:34 UTC,47.5149,30.2986,"14:20:34 Verbove, Ananyiv Raion, Odessa Oblast, 66432, Ukraine"
1518618079,14:21:19 UTC,46.2808,34.0457,"14:21:19 Novotroitske, Novotroitske Raion, Kherson Oblast, 75354, Ukraine"
1518618144,14:22:24 UTC,44.3291,39.0074,"14:22:24 Новомихайловское городское поселение, Tuapsinsky District, Krasnodar Krai, South federal district, Russia"
1518618200,14:23:20 UTC,42.4372,43.0570,"14:23:20 შ 17, Nikortsminda, Ambrolauri Municipality, Racha-Lechkhumi and Lower Svaneti, Georgia"
1518618264,14:24:24 UTC,40.0925,47.3663,"14:24:24 Pərioğlular, Ağcabədi rayonu, Azerbaijan"
1518618324,14:25:24 UTC,37.7414,51.1187,"14:25:24 Khazar, 123"
1518618384,14:26:24 UTC,35.2849,54.5891,"14:26:24 36, قهاب رستاق, بخش امیرآباد, Damghan County, Semnan Province, Iran"
1518618440,14:27:20 UTC,32.8745,57.6504,"14:27:20 کویر, بخش دیهوک, Tabas County, South Khorasan Province, Iran"
1518618504,14:28:24 UTC,30.0201,60.9327,"14:28:24 حرمک, بخش مرکزی, Zahedan County, Sistan and Baluchestan Province, Iran"
1518618560,14:29:20 UTC,27.4718,63.6142,"14:29:20 Wāshuk District, Balochistan, Pakistan"
1518618653,14:30:53 UTC,23.0767,67.8164,"14:30:53 Gujarat, India"
1518618681,14:31:21 UTC,21.7275,69.0204,"14:31:21 Jāmnagar, Gujarat, India"
1518618744,14:32:24 UTC,18.6561,71.6414,"14:32:24 Maharashtra, India"
1518618801,14:33:21 UTC,15.8656,73.9030,"14:33:21 MDR34, Dhanoli, Sindhudurg, Maharashtra, India"
1518618864,14:34:24 UTC,12.6967,76.3631,"14:34:24 Kotigana Hosuru, Hole Narasipura taluk, Hassan district, Karnataka, India"
1518618924,14:35:24 UTC,9.6779,78.6250,"14:35:24 SH28, Ilayangudi, Sivagangai district, Tamil Nadu, 623702, India"
1518618984,14:36:24 UTC,6.6922,80.8048,"14:36:24 Samanalawewa Road, Pambahinna, Ratnapura District, Sabaragamuwa Province, Sri Lanka"
1518619835,14:50:35 UTC,-34.6922,115.7815,"14:50:35 Calcup Track, Western Australia, Australia"
1518619881,14:51:21 UTC,-36.6155,118.3919,"14:51:21 Western Australia, Australia"
1518620454,15:00:54 UTC,-51.4929,164.4566,"15:00:54 New Zealand"
1518620481,15:01:21 UTC,-51.5885,167.1003,"15:01:21 New Zealand"
1518620599,15:03:19 UTC,-51.2245,178.9054,"15:03:19 New Zealand"
1518621384,15:16:24 UTC,-25.4760,-126.2002,"15:16:24 Pitcairn Islands"
1518622255,15:30:55 UTC,17.9774,-92.8282,"15:30:55 Centro, Tabasco, Mexico"
1518622281,15:31:21 UTC,19.2300,-91.7904,"15:31:21 Carmen, Campeche, Mexico"
1518622344,15:32:24 UTC,22.2924,-89.1479,"15:32:24 Progreso, Yucatán, 97320, Mexico"
1518622464,15:34:24 UTC,27.9440,-83.7601,"15:34:24 Florida, United States of America"
1518622524,15:35:24 UTC,30.7055,-80.8014,"15:35:24 Nassau County, Florida, United States of America"
1518622583,15:36:23 UTC,33.2968,-77.7626,"15:36:23 North Carolina, United States of America"
1518622640,15:37:20 UTC,35.7335,-74.6118,"15:37:20 North Carolina, United States of America"
1518622760,15:39:20 UTC,40.4954,-67.2987,"15:39:20 Bear Seamount"
1518622834,15:40:34 UTC,43.1362,-62.2582,"15:40:34 Canada"
1518622882,15:41:22 UTC,44.7176,-58.7209,"15:41:22 Gully Marine Protected Area, Canada"
1518622944,15:42:24 UTC,46.5676,-53.8534,"15:42:24 Canada"
1518623433,15:50:33 UTC,50.6094,-7.4116,"15:50:33 England, United Kingdom"
1518623480,15:51:20 UTC,49.8832,-2.9633,"15:51:20 Guernsey"
1518623544,15:52:24 UTC,48.6186,2.7974,"15:52:24 Andrezel, Melun, Seine-et-Marne, Ile-de-France, Metropolitan France, 77390, France"
1518623600,15:53:20 UTC,47.2548,7.6063,"15:53:20 Alpfelenhofstrasse, Attiswil, Verwaltungskreis Oberaargau, Verwaltungsregion Emmental-Oberaargau, Bern, 4536, Switzerland"
1518623665,15:54:25 UTC,45.4101,12.8462,"15:54:25 ROSKA, FVG, Italy"
1518623725,15:55:25 UTC,43.5033,17.3171,"15:55:25 Vučipolje, Posušje municipality, West Herzegovina Canton, Entity Federation of Bosnia and Herzegovina, 88240, B&H"
1518623784,15:56:24 UTC,41.4148,21.4847,"15:56:24 11-ти Октомври, Zabrchani, Municipality of Dolneni, Pelagonia Region, Macedonia"
1518623840,15:57:20 UTC,39.3040,25.1462,"15:57:20 Δήμος Αγίου Ευστρατίου, Regional Unit of Lemnos, North Aegean Region, 81500, Greece"
1518623903,15:58:23 UTC,36.8048,28.9561,"15:58:23 Göcek, Kepez, Fethiye, Muğla, Aegean Region, 48310, Turkey"
1518623960,15:59:20 UTC,34.4332,32.1719,"15:59:20 Πάφος, Paphos, Cyprus"
1518624053,16:00:53 UTC,30.3135,37.0767,"16:00:53 Ma’an, Jordan"
1518624081,16:01:21 UTC,29.0625,38.4317,"16:01:21 Tabuk Region, Saudi Arabia"
1518624144,16:02:24 UTC,26.1395,41.4054,"16:02:24 As Sulaymi, Hayel Region, Saudi Arabia"
1518624200,16:03:20 UTC,23.4830,43.9133,"16:03:20 Riyadh Region, Saudi Arabia"
1518624263,16:04:23 UTC,20.4405,46.6041,"16:04:23 Riyadh Region, Saudi Arabia"
1518624325,16:05:25 UTC,17.3996,49.1388,"16:05:25 Hadhramaut, Yemen"
1518624384,16:06:24 UTC,14.5211,51.4258,"16:06:24 Gedenkstein OT Anna Mathilde (1900-1988), 01968"
1518624440,16:07:20 UTC,11.7169,53.5714,"16:07:20 Socotra, Yemen"
1518624864,16:14:24 UTC,-9.7411,69.0450,"16:14:24 Indian Ocean"
1518626480,16:41:20 UTC,-44.2895,-176.2089,"16:41:20 Northhead Road, Chatham Islands, New Zealand"
1518626960,16:49:20 UTC,-24.5073,-148.8156,"16:49:20 Austral Islands, 98 753, France"
1518627033,16:50:33 UTC,-21.0067,-145.6659,"16:50:33 French Polynesia, France"
1518627080,16:51:20 UTC,-18.7162,-143.7244,"16:51:20 French Polynesia, France"
1518627143,16:52:23 UTC,-15.6092,-141.2105,"16:52:23 Fangatau, Tuamotu-Gambier, French Polynesia, France, Polynésie française (eaux territoriales)"
1518627925,17:05:25 UTC,23.4915,-111.5997,"17:05:25 South Lower California, Mexico"
1518627983,17:06:23 UTC,26.2646,-108.9772,"17:06:23 El Fuerte-El Carrizo, La Misión Vieja, El Fuerte, Sinaloa, Mexico"
1518628040,17:07:20 UTC,28.8637,-106.3363,"17:07:20 Entrada Nuevo Majalca, La Jarita, Nuevo Majalca, Chihuahua, Mexico"
1518628104,17:08:24 UTC,31.7772,-103.1124,"17:08:24 Winkler County, Texas, 79789, United States of America"
1518628160,17:09:20 UTC,34.2036,-100.1605,"17:09:20 Swearingen, Cottle County, Texas, United States of America"
1518628233,17:10:33 UTC,37.2806,-95.9619,"17:10:33 East County Line Road, Chautauqua County, Kansas, 67344, United States of America"
1518628280,17:11:20 UTC,39.1340,-93.1160,"17:11:20 County Road 111, Montague Hill, Saline County, Missouri, United States of America"
1518628344,17:12:24 UTC,41.5469,-88.9334,"17:12:24 East 12th Road, Prairie Center, LaSalle County, Illinois, 60518, United States of America"
1518628400,17:13:20 UTC,43.4908,-85.0384,"17:13:20 West Jerseyville Road, Blanchard, Isabella County, Michigan, 49310, United States of America"
1518628463,17:14:23 UTC,45.5198,-80.2583,"17:14:23 Highway 69 (Trans-Canada Highway), The Archipelago, Parry Sound District, Ontario, Canada"
1518628532,17:15:32 UTC,47.4273,-74.7463,"17:15:32 Lac-Bazinet, Antoine-Labelle, Quebec, Canada"
1518628584,17:16:24 UTC,48.6878,-70.2168,"17:16:24 Quebec, Canada"
1518628640,17:17:20 UTC,49.7971,-65.1857,"17:17:20 Minganie, Quebec, Canada"
1518628704,17:18:24 UTC,50.7661,-59.1149,"17:18:24 Gros-Mécatina, Le Golfe-du-Saint-Laurent, Quebec, Canada"
1518628761,17:19:21 UTC,51.3257,-53.5724,"17:19:21 Atlantic Ocean, Canada"
1518629240,17:27:20 UTC,44.8247,-9.2311,"17:27:20 Illa Grande de Sisargas, Spain"
1518629304,17:28:24 UTC,42.6838,-4.5046,"17:28:24 Camino de los colmenares a Oteros, Báscones de Ojeda, Palencia, Castile and León, Spain"
1518629360,17:29:20 UTC,40.6784,-0.7171,"17:29:20 A-1403, Hinojosa de Jarque, Teruel, Aragon, Spain"
1518629452,17:30:52 UTC,37.0736,5.0357,"17:30:52 Boulimat, Bejaia District, Bejaia, 06000, Algeria"
1518629480,17:31:20 UTC,35.9165,6.6673,"17:31:20 Aïn Kercha, Aïn Kechra District, Oum El Bouaghi, Algeria"
1518629543,17:32:23 UTC,33.2475,10.1290,"17:32:23 بني خداش, Médenine, Tunisia"
1518629600,17:33:20 UTC,30.7218,13.0890,"17:33:20 Qaryat Awlad Dhu`ayb, Jabal al Gharbi, Libya"
1518629664,17:34:24 UTC,27.7984,16.2151,"17:34:24 Al Fuqaha`, Jufra, Libya"
1518629725,17:35:25 UTC,24.9625,19.0036,"17:35:25 Murzuq, Libya"
1518629785,17:36:25 UTC,22.1160,21.6105,"17:36:25 Kufra, Libya"
1518629841,17:37:21 UTC,19.3933,23.9592,"17:37:21 Ennedi-Est, Chad"
1518629904,17:38:24 UTC,16.2890,26.4993,"17:38:24 North Darfur State, Sudan"
1518629959,17:39:19 UTC,13.5243,28.6633,"17:39:19 West Kurdufan, Sudan"
1518630033,17:40:33 UTC,9.8556,31.4268,"17:40:33 Youm, Lelo, Upper Nile State, South Sudan"
1518630080,17:41:20 UTC,7.4786,33.1682,"17:41:20 Akobo, Jonglei, South Sudan"
1518630144,17:42:24 UTC,4.2295,35.5066,"17:42:24 E372, Turkana, Kenya"
1518630200,17:43:20 UTC,1.3797,37.5337,"17:43:20 Lodosoit, Samburu, Kenya"
1518630263,17:44:23 UTC,-1.8282,39.8079,"17:44:23 Tana River, Kenya"
1518630440,17:47:20 UTC,-10.7719,46.2767,"17:47:20 Parc naturel marin des Glorieuses, France"
1518630503,17:48:23 UTC,-13.9288,48.6710,"17:48:23 Maevatanana, Diana, Antsiranana Province, Madagascar"
1518630559,17:49:19 UTC,-16.7099,50.8599,"17:49:19 Analanjirofo, Toamasina Province, Madagascar"
1518630632,17:50:32 UTC,-20.2902,53.8223,"17:50:32 Réunion, France"
1518630680,17:51:20 UTC,-22.5623,55.8084,"17:51:20 Réunion, France"
1518632240,18:17:20 UTC,-36.7694,173.6956,"18:17:20 Auckland, New Zealand"
1518632360,18:19:20 UTC,-31.6393,-179.7347,"18:19:20 New Zealand"
1518632725,18:25:25 UTC,-14.3436,-163.7527,"18:25:25 Cook Islands"
1518632783,18:26:23 UTC,-11.4166,-161.5197,"18:26:23 Cook Islands"
1518632840,18:27:20 UTC,-8.5951,-159.4296,"18:27:20 Cook Islands"
1518632903,18:28:23 UTC,-5.3787,-157.1002,"18:28:23 Kiribati"
1518632960,18:29:20 UTC,-2.5070,-155.0507,"18:29:20 Kiribati"
1518633743,18:42:23 UTC,35.3728,-122.1657,"18:42:23 California, United States of America"
1518633800,18:43:20 UTC,37.7043,-118.8685,"18:43:20 Antelope Spring, Whitmore Hot Springs, Mono County, California, United States of America"
1518633863,18:44:23 UTC,40.1901,-114.8938,"18:44:23 Calf Canyon Road, Elko County, Nevada, United States of America"
1518633931,18:45:31 UTC,42.6323,-110.3607,"18:45:31 Star Corral Road, Sublette County, Wyoming, United States of America"
1518633983,18:46:23 UTC,44.3955,-106.5476,"18:46:23 Johnson County, Wyoming, United States of America"
1518634039,18:47:19 UTC,46.1098,-102.2161,"18:47:19 8th Avenue Northeast, Adams County, North Dakota, United States of America"
1518634103,18:48:23 UTC,47.8186,-96.9704,"18:48:23 Bygland, Polk County, Minnesota, United States of America"
1518634160,18:49:20 UTC,49.1142,-91.9682,"18:49:20 Unorganized Kenora District, Kenora District, Ontario, Canada"
1518634233,18:50:33 UTC,50.3989,-85.2447,"18:50:33 Unorganized North Cochrane, Cochrane District, Ontario, Canada"
1518634280,18:51:20 UTC,50.9963,-80.7070,"18:51:20 Unorganized North Cochrane, Cochrane District, Ontario, Canada"
1518634343,18:52:23 UTC,51.4884,-74.4696,"18:52:23 Quebec, Canada"
1518634400,18:53:20 UTC,51.6186,-68.7471,"18:53:20 Manicouagan, Quebec, Canada"
1518634463,18:54:23 UTC,51.4106,-62.4317,"18:54:23 Newfoundland and Labrador, Canada"
1518634525,18:55:25 UTC,50.8567,-56.3731,"18:55:25 Newfoundland and Labrador, Canada"
1518634855,19:00:55 UTC,42.8762,-28.4301,"19:00:55 Área Marinha Protegida do MARNA"
1518634881,19:01:21 UTC,41.9610,-26.6124,"19:01:21 Reserva Natural Marinha do Monte Submarino Sedlo"
1518635125,19:05:25 UTC,32.1074,-12.0347,"19:05:25 Commissariat de la Garenne-Colombes"
1518635184,19:06:24 UTC,29.4556,-9.0551,"19:06:24 R107, Ait Ouafqa, caïdat de Had Tahala, cercle de Tafraout, Tiznit Province, Souss-Massa, Morocco"
1518635240,19:07:20 UTC,26.8935,-6.4052,"19:07:20 Cité El Hikma, Tindouf, Tindouf Disctrict, Tindouf, Algeria"
1518635303,19:08:23 UTC,23.8944,-3.5313,"19:08:23 Timbuktu, Mali"
1518635360,19:09:20 UTC,21.1748,-1.0965,"19:09:20 Tazouikert, Tombouctou Cercle, Timbuktu, Mali"
1518635433,19:10:33 UTC,17.6021,1.9074,"19:10:33 In Tebezas, Ménaka Cercle, Gao, Mali"
1518635480,19:11:20 UTC,15.2729,3.7708,"19:11:20 Afantam, Filingué, Tillabéri, Niger"
1518635544,19:12:24 UTC,12.0984,6.2168,"19:12:24 Gwaram, Talata Mafara, Zamfara, Nigeria"
1518635599,19:13:19 UTC,9.3028,8.3013,"19:13:19 Jagindi, Jema'A, Kaduna, Nigeria"
1518635664,19:14:24 UTC,6.0361,10.6779,"19:14:24 Jakiri-Foumban, Jakiri, Bui, West, Cameroon"
1518635731,19:15:31 UTC,2.6298,13.1128,"19:15:31 Djoum, Dja-et-Lobo, South, Cameroon"
1518635784,19:16:24 UTC,-0.0431,15.0088,"19:16:24 Etoumbi, Kellé, Cuvette-Ouest, Congo-Brazzaville"
1518635840,19:17:20 UTC,-2.9191,17.0496,"19:17:20 Bandundu, Bandundu City, Kwilu, DR Congo"
1518635904,19:18:24 UTC,-6.1198,19.3389,"19:18:24 Kwilu, DR Congo"
1518635961,19:19:21 UTC,-9.0049,21.4360,"19:19:21 Lunda Sul, Angola"
1518636032,19:20:32 UTC,-12.6013,24.1205,"19:20:32 Chibwika, North-Western Province, Zambia"
1518636081,19:21:21 UTC,-14.9971,25.9684,"19:21:21 Central Province, Zambia"
1518636144,19:22:24 UTC,-18.1118,28.4649,"19:22:24 Manyoni, Gokwe South, Midlands, Zimbabwe"
1518636200,19:23:20 UTC,-20.8459,30.7663,"19:23:20 Harare-Beitbridge Highway, Lundi Rural Business Centre, Ngundu, Chivi, Masvingo, Zimbabwe"
1518636263,19:24:23 UTC,-23.8985,33.4892,"19:24:23 Gaza, Mozambique"
1518636863,19:34:23 UTC,-47.4001,69.8717,"19:34:23 French Southern and Antarctic Lands, France"
1518637704,19:48:24 UTC,-40.3894,144.4793,"19:48:24 Tasmania, Australia"
1518637761,19:49:21 UTC,-38.1852,148.0692,"19:49:21 Cunninghame, Shire of East Gippsland, Gippsland, Victoria, 3909, Australia"
1518637834,19:50:34 UTC,-35.2140,152.3051,"19:50:34 New South Wales, Australia"
1518637944,19:52:24 UTC,-30.3912,158.1442,"19:52:24 Coral Sea Islands Territory, Australia"
1518638125,19:55:25 UTC,-21.9545,166.4382,"19:55:25 Piste Mine Canon, Païta, South Province, New Caledonia, France"
1518638184,19:56:24 UTC,-19.0894,168.8981,"19:56:24 Tafea, Vanuatu"
1518638545,20:02:25 UTC,-1.0346,-177.5391,"20:02:25 United States of America (Minor Outlying Islands)"
1518638600,20:03:20 UTC,1.7657,-175.5540,"20:03:20 United States of America (Minor Outlying Islands)"
1518639034,20:10:34 UTC,23.3667,-158.7805,"20:10:34 Hawaii, United States of America"
1518639635,20:20:35 UTC,47.2027,-122.5322,"20:20:35 Dog, Bridgeport Way West, Fir Ridge, University Place, Pierce County, Washington, 98499, United States of America"
1518639680,20:21:20 UTC,48.3224,-118.6964,"20:21:20 Ferry County, Washington, United States of America"
1518639744,20:22:24 UTC,49.6597,-112.9541,"20:22:24 Blood #148, Alberta, Canada"
1518639800,20:23:20 UTC,50.5551,-107.7321,"20:23:20 Saskatchewan Landing No. 167, Saskatchewan, Canada"
1518639863,20:24:23 UTC,51.2550,-101.5399,"20:24:23 Manitoba, Canada"
1518639925,20:25:25 UTC,51.5852,-95.4013,"20:25:25 Manitoba, Canada"
1518639985,20:26:25 UTC,51.5703,-89.4204,"20:26:25 Northern Ontario Resource Trail, Ontario, Canada"
1518640040,20:27:20 UTC,51.2642,-83.9330,"20:27:20 Unorganized North Cochrane, Cochrane District, Ontario, Canada"
1518640104,20:28:24 UTC,50.5569,-77.6418,"20:28:24 route de la baie James, Quebec, Canada"
1518640160,20:29:20 UTC,49.6620,-72.4187,"20:29:20 Quebec, Canada"
1518640253,20:30:53 UTC,47.6200,-64.1834,"20:30:53 Saint-Raphaël-sur-Mer, Gloucester County, New Brunswick, Canada"
1518640281,20:31:21 UTC,46.8978,-61.8872,"20:31:21 Havre-Aubert, Quebec, Canada"
1518641064,20:44:24 UTC,13.8791,-18.6767,"20:44:24 Dakar, Région de Dakar, Senegal"
1518641132,20:45:32 UTC,10.4907,-16.1111,"20:45:32 Setor de Bubaque, Região de Bolama, Provincia Sul, Guinea-Bissau"
1518641184,20:46:24 UTC,7.8635,-14.1784,"20:46:24 Western Area, Sierra Leone"
1518641903,20:58:23 UTC,-27.8393,13.7801,"20:58:23 Namibia"
1518641960,20:59:20 UTC,-30.3938,16.4982,"20:59:20 Namakwa District Municipality, Northern Cape, RSA"
1518642053,21:00:53 UTC,-34.4965,21.3944,"21:00:53 Hessequa Ward 3, Hessequa Local Municipality, Eden District Municipality, Western Cape, RSA"
1518642081,21:01:21 UTC,-35.6581,22.9309,"21:01:21 Western Cape, RSA"
1518643464,21:24:24 UTC,-31.9974,132.7818,"21:24:24 Penong, Pastoral Unincorporated Area, South Australia, 5690, Australia"
1518643525,21:25:25 UTC,-29.2595,135.8416,"21:25:25 Pastoral Unincorporated Area, South Australia, Australia"
1518643584,21:26:24 UTC,-26.5603,138.6113,"21:26:24 Pastoral Unincorporated Area, South Australia, Australia"
1518643640,21:27:20 UTC,-23.9193,141.1309,"21:27:20 Diamantina National Park Homestead, Queensland, Australia"
1518643704,21:28:24 UTC,-20.8431,143.8756,"21:28:24 Flinders Highway, Hughenden, Queensland, Australia"
1518643760,21:29:20 UTC,-18.1336,146.1566,"21:29:20 Queensland, Australia"
1518643880,21:31:20 UTC,-12.1481,150.8624,"21:31:20 Milne Bay, Papua Region, Papua New Guinea"
1518643944,21:32:24 UTC,-8.9776,153.2233,"21:32:24 Losuia District, Milne Bay, Papua Region, Papua New Guinea"
1518644000,21:33:20 UTC,-6.1435,155.2832,"21:33:20 Kieta District, Bougainville, Islands Region, Papua New Guinea"
1518644239,21:37:19 UTC,6.0104,163.9427,"21:37:19 Finol Mutunte"
1518644304,21:38:24 UTC,9.3020,166.3372,"21:38:24 Lae, Marshall Islands"
1518644361,21:39:21 UTC,12.1476,168.4594,"21:39:21 Yucca"
1518645383,21:56:23 UTC,50.9071,-128.5641,"21:56:23 Regional District of Mount Waddington, British Columbia, Canada"
1518645440,21:57:20 UTC,51.4066,-122.9936,"21:57:20 Cariboo Regional District, British Columbia, Canada"
1518645504,21:58:24 UTC,51.6186,-116.6283,"21:58:24 Amiskwi Pass Trail, Columbia-Shuswap Regional District, British Columbia, Canada"
1518645560,21:59:20 UTC,51.4915,-110.9558,"21:59:20 Township Road 294, Alberta, Canada"
1518645652,22:00:52 UTC,50.6653,-101.9496,"22:00:52 Yarbo, Census Division No. 5, Saskatchewan, Canada"
1518645681,22:01:21 UTC,50.2572,-99.2280,"22:01:21 Manitoba, Canada"
1518645744,22:02:24 UTC,49.1169,-93.4050,"22:02:24 Ontario, Canada"
1518645800,22:03:20 UTC,47.8466,-88.4875,"22:03:20 Michigan, United States of America"
1518645864,22:04:24 UTC,46.1423,-83.2351,"22:04:24 Ontario, Canada"
1518645925,22:05:25 UTC,44.2539,-78.4864,"22:05:25 Hooton Drive, Cavan-Monaghan, Peterborough, Ontario, K9J0G5, Canada"
1518645984,22:06:24 UTC,42.2495,-74.2393,"22:06:24 32, Natty Bumpos Path, South Jewett, Town of Jewett, Greene County, New York, 12442, United States of America"
1518646040,22:07:20 UTC,40.2134,-70.5075,"22:07:20 Massachusetts, United States of America"
1518646584,22:16:24 UTC,15.6765,-43.6142,"22:16:24 15/33"
1518648440,22:47:20 UTC,-50.5317,67.2301,"22:47:20 French Southern and Antarctic Lands, France"
1518649103,22:58:23 UTC,-28.2330,113.3875,"22:58:23 Western Australia, Australia"
1518649160,22:59:20 UTC,-25.6035,116.0104,"22:59:20 Mount Narryer station, Western Australia, Australia"
1518649255,23:00:55 UTC,-21.0654,120.1498,"23:00:55 Western Australia, Australia"
1518649280,23:01:20 UTC,-19.8507,121.1909,"23:01:20 Great Northern Highway, Western Australia, Australia"
1518649344,23:02:24 UTC,-16.7587,123.7403,"23:02:24 Western Australia, Australia"
1518649400,23:03:20 UTC,-13.9786,125.9299,"23:03:20 Western Australia, Australia"
1518649525,23:05:25 UTC,-7.6942,130.6276,"23:05:25 Moluccas, Indonesia"
1518649584,23:06:24 UTC,-4.7025,132.7843,"23:06:24 West Papua, Indonesia"
1518649640,23:07:20 UTC,-1.8804,134.7942,"23:07:20 West Papua, Indonesia"
1518649833,23:10:33 UTC,7.9314,141.8002,"23:10:33 Yap, Federated States of Micronesia"
1518649943,23:12:23 UTC,13.4451,145.9148,"23:12:23 Northern Mariana Islands, United States of America"
1518650132,23:15:32 UTC,22.7126,153.5609,"23:15:32 Tokyo, Japan"
1518651144,23:32:24 UTC,51.3196,-131.7076,"23:32:24 Canada"
1518651200,23:33:20 UTC,50.7621,-126.2151,"23:33:20 Regional District of Mount Waddington, British Columbia, Canada"
1518651263,23:34:23 UTC,49.8092,-120.2388,"23:34:23 Regional District of Okanagan-Similkameen, British Columbia, Canada"
1518651325,23:35:25 UTC,48.5802,-114.7187,"23:35:25 2815, Flathead County, Montana, United States of America"
1518651384,23:36:24 UTC,47.1301,-109.6682,"23:36:24 Hanover Road, Kingston, Fergus County, Montana, United States of America"
1518651440,23:37:20 UTC,45.5398,-105.1549,"23:37:20 Powder River County, Montana, United States of America"
1518651503,23:38:23 UTC,43.5300,-100.4075,"23:38:23 Mellette County, South Dakota, United States of America"
1518651560,23:39:20 UTC,41.5347,-96.4052,"23:39:20 State Highway 91, Fontanelle, Washington County, Nebraska, 68008, United States of America"
1518651633,23:40:33 UTC,38.7682,-91.6612,"23:40:33 County Road 4055, Portland, Callaway County, Missouri, 65069, United States of America"
1518651680,23:41:20 UTC,36.8785,-88.8164,"23:41:20 Morrill Road, Carlisle County, Kentucky, 42035, United States of America"
1518651744,23:42:24 UTC,34.2312,-85.2360,"23:42:24 Mount Alto Road Southwest, Rome, Floyd County, Georgia, 30165, United States of America"
1518651800,23:43:20 UTC,31.7832,-82.2557,"23:43:20 McTier, Appling County, Georgia, United States of America"
1518651863,23:44:23 UTC,28.9155,-79.0796,"23:44:23 Florida, United States of America"
1518651931,23:45:31 UTC,25.7769,-75.9093,"23:45:31 Central Eleuthera, The Bahamas"
1518651984,23:46:24 UTC,23.2578,-73.5482,"23:46:24 Crooked Island and Long Cay, The Bahamas"
1518652041,23:47:21 UTC,20.5279,-71.1377,"23:47:21 Luperón, Puerto Plata, D.R."
1518652104,23:48:24 UTC,17.4389,-68.5600,"23:48:24 San Rafael Del Yuma, La Altagracia, 23200, D.R."
1518652234,23:50:34 UTC,10.9771,-63.5405,"23:50:34 Parroquia Capital Maneiro, Municipio Maneiro, Nueva Esparta, Venezuela"
1518652280,23:51:20 UTC,8.6304,-61.8052,"23:51:20 Parroquia Romulo Gallegos, Delta Amacuro State, Venezuela"
1518652344,23:52:24 UTC,5.4114,-59.4731,"23:52:24 Potaro-Siparuni Region, Potaro-Siparuni, Guyana"
1518652400,23:53:20 UTC,2.5891,-57.4583,"23:53:20 Oronoque Camp, East Berbice-Corentyne, Guyana"
1518652464,23:54:24 UTC,-0.6952,-55.1290,"23:54:24 Alenquer, Microrregião de Santarém, Mesorregião Baixo Amazonas, Pará, North Region, Brazil"
1518652525,23:55:25 UTC,-3.7996,-52.9234,"23:55:25 Brasil Novo, Microrregião de Altamira, Mesorregião Sudoeste Paraense, Pará, North Region, Brazil"
1518652583,23:56:23 UTC,-6.7443,-50.8105,"23:56:23 PA-279, Água Azul do Norte, Microrregião de Parauapebas, Mesorregião Sudeste Paraense, Pará, North Region, Brazil"
1518652640,23:57:20 UTC,-9.5762,-48.7436,"23:57:20 Miranorte, Microrregião de Miracema do Tocantins, Mesorregião Ocidental do Tocantins, Tocantins, North Region, Brazil"
1518652703,23:58:23 UTC,-12.7677,-46.3530,"23:58:23 Lavandeira, Microrregião de Dianópolis, Mesorregião Oriental do Tocantins, Tocantins, North Region, Brazil"
